1,Grace church of humble,NE,"7224 North Sam Houston Pkwy E, Humble, TX 77396",gracehumble.com,Cam@gracehumble.com,832-555-7300,1,0,1,1,0,1,1,0,0,0,1,0,0,0,0,0,0,0,0,1,0
2,Greater New Grove Baptist Church,NE,"7518 E Mt Houston Rd, Houston, TX 77050",greaternewgrove.com,Latisha@greaternewgrove.com,281-555-9999,0,0,0,0,0,0,0,0,0,0,1,0,0,0,1,0,0,0,0,0,0
3,First Metropolitain Church,NW,"8870 West Sam Houston Pkwy N, Houston, TX 77040",firstmet.org,Ham@firstmet.org,713-867-5309,0,1,1,0,0,0,0,0,0,0,1,0,0,0,0,0,0,0,0,0,0
4,The Foundry,NW,"8350 Jones Rd, Houston, TX 77065",foundrychurch.org,Dan@foundrychurch.org,713-123-4567,1,0,1,0,0,0,0,0,0,1,1,0,0,0,0,0,0,0,0,0,0
5,Trinity Downtown,CT,"800 Houston Ave, Houston, TX 77007",trinitydt.org,Michael@trinitydt.org,713-555-7300,0,0,1,0,0,0,0,0,0,0,1,1,0,0,0,0,0,0,0,0,0
6,Annunciation Catholic Church,CT,"1618 Texas St, Houston, TX 77003",annuncioncc.org,Carolyn@annuncion.cc,832-555-9999,0,0,0,0,1,0,0,1,1,0,1,0,0,1,1,0,0,0,0,0,1
7,Life Church,SE,"9901 Windmill Lakes Blvd, Houston, TX 77075",life.cc,Toyin@life.cc,832-867-5309,0,0,0,1,0,0,0,0,0,0,1,0,0,0,0,0,0,0,0,0,0
8,First United Methodist Church Pearland,SE,"2314 N Grand Blvd, Pearland, TX 77581",fumcpearland.org,Alan@fumcpearland.org,281-123-4567,0,0,0,0,0,0,0,0,0,1,1,0,1,0,0,1,1,1,1,0,0
9,Masjid-Ul Mumineen,SW,"8875 Benning Dr, Houston, TX 77031",masjidulmumineen.org,Scott@masjidulmumneen.org,281-867-5309,0,1,1,0,1,0,0,1,1,0,1,1,0,0,1,0,0,0,0,0,1
10,Phap Liuan Buhddist Cultural center,SW,"13913 S Post Oak Rd, Houston, TX 77045",phapluan.net,grant@phapluan.net,999-555-9999,0,1,1,0,0,0,0,0,0,0,1,0,0,0,1,0,0,0,0,0,1
11,Baps Shri Swaminarayan Mandir,SW,"1150 Brand Ln, Stafford, TX 77477",baps.org,Alberto@baps.org,823-123-4567,0,1,0,0,1,1,1,0,0,1,1,1,0,0,0,0,0,0,0,0,1
12,Sugar Creek Baptist Church,SW,"13223 Southwest Fwy, Sugar Land, TX 77478",sugarcreek.net,Kathy@sugarcreek.net,832-555-9999,0,1,1,0,0,0,0,1,1,0,1,0,0,0,0,0,0,0,0,0,0
13,First Colony church of Christ,SW,"2140 First Colony Blvd, Sugar Land, TX 77479",firstcolonychurch.org,Ross@firstcolonychurch.org,281-555-7300,0,1,0,0,0,0,0,0,0,0,1,0,0,0,0,1,0,0,0,1,0
